Nama,Kelas,"Penalaran Umum (B)","Penalaran Umum (S)","Penalaran Umum (K)","Penalaran Umum (P)","Pemahaman Bacaan & Menulis (B)","Pemahaman Bacaan & Menulis (S)","Pemahaman Bacaan & Menulis (K)","Pemahaman Bacaan & Menulis (P)","Pengetahuan & Pemahaman Umum (B)","Pengetahuan & Pemahaman Umum (S)","Pengetahuan & Pemahaman Umum (K)","Pengetahuan & Pemahaman Umum (P)","Pengetahuan Kuantitatif (B)","Pengetahuan Kuantitatif (S)","Pengetahuan Kuantitatif (K)","Pengetahuan Kuantitatif (P)","Literasi Bahasa Indonesia (B)","Literasi Bahasa Indonesia (S)","Literasi Bahasa Indonesia (K)","Literasi Bahasa Indonesia (P)","Literasi Bahasa Inggris (B)","Literasi Bahasa Inggris (S)","Literasi Bahasa Inggris (K)","Literasi Bahasa Inggris (P)","Penalaran Matematika (B)","Penalaran Matematika (S)","Penalaran Matematika (K)","Penalaran Matematika (P)"
"Muhammad Zuhair Abdul Fattah","XII IPS 3",4,16,0,200,5,15,0,250,7,13,0,350,2,18,0,100,3,17,0,150,2,18,0,100,6,14,0,300
"Miftahul Taufiq Raid","XII IPS 2",7,13,0,350,6,14,0,300,4,16,0,200,5,15,0,250,4,16,0,200,3,17,0,150,6,14,0,300
"Stevalent Biring M","XII IPS 3",3,17,0,150,7,13,0,350,10,10,0,500,8,12,0,400,7,13,0,350,6,14,0,300,5,15,0,250
"Rifky Alfitrah","XII IPS 3",5,15,0,250,6,14,0,300,2,18,0,100,3,17,0,150,4,16,0,200,5,15,0,250,2,18,0,100
"Al-Ziqhri Baiturrahman","XII IPS 1",5,15,0,250,8,12,0,400,5,15,0,250,5,15,0,250,11,9,0,550,6,14,0,300,7,13,0,350
"Risqul Artaf Dzaky","XII IPS 1",9,11,0,450,11,9,0,550,4,16,0,200,9,11,0,450,4,16,0,200,3,17,0,150,2,18,0,100
"Muh. Izzan Zuhdhi","XII IPS 2",4,16,0,200,7,13,0,350,1,19,0,50,3,17,0,150,6,14,0,300,5,15,0,250,2,18,0,100
"Muh. Irgi Athila Syafli","XII IPS 3",5,15,0,250,6,14,0,300,5,15,0,250,5,15,0,250,4,16,0,200,6,14,0,300,6,14,0,300
"Raffy Murtadho Al Fatah","XII IPS 2",5,15,0,250,8,12,0,400,7,13,0,350,5,15,0,250,2,18,0,100,4,16,0,200,6,14,0,300
"Muh. Fathir Algifari","XII IPS 1",5,15,0,250,6,14,0,300,0,20,0,0,5,15,0,250,12,8,0,600,6,14,0,300,5,15,0,250
"Muhammad Zulfikhar","XII IPS 3",4,16,0,200,1,19,0,50,3,17,0,150,3,17,0,150,9,11,0,450,5,15,0,250,2,18,0,100
"Andi Annakib Nasri Assagaf","XII IPS 3",5,15,0,250,11,9,0,550,6,14,0,300,5,15,0,250,2,18,0,100,7,13,0,350,7,13,0,350
"Karen Feiztio Elviranisuci","XII IPS 1",7,13,0,350,10,10,0,500,10,10,0,500,7,13,0,350,13,7,0,650,4,16,0,200,8,12,0,400
"Dini Aulia Salsabila M","XII IPS 2",6,14,0,300,11,9,0,550,11,9,0,550,5,15,0,250,12,8,0,600,6,14,0,300,1,19,0,50
"Siti Atiqah Yunus","XII IPS 1",6,14,0,300,12,8,0,600,12,8,0,600,5,15,0,250,18,2,0,900,3,17,0,150,6,14,0,300
"Alya Nurul Az-Zahra Albar","XII IPS 1",6,14,0,300,5,15,0,250,13,7,0,650,5,15,0,250,19,1,0,950,7,13,0,350,9,11,0,450
"Duta Arjuna","XII IPS 3",6,14,0,300,2,18,0,100,4,16,0,200,7,13,0,350,11,9,0,550,6,14,0,300,3,17,0,150
"Khaylila Zahra Khairunnisa Risthi Putri","XII IPS 1",4,16,0,200,11,9,0,550,8,12,0,400,4,16,0,200,18,2,0,900,7,13,0,350,7,13,0,350
"Alfa Grace","XII IPS 3",0,20,0,0,0,20,0,0,0,20,0,0,5,15,0,250,7,13,0,350,7,13,0,350,3,17,0,150
"Muhammad Fauzan Az'Zima","XII IPS 3",4,16,0,200,7,13,0,350,5,15,0,250,10,10,0,500,10,10,0,500,1,19,0,50,7,13,0,350
"Syawal Saputra.S","XII IPS 1",5,15,0,250,8,12,0,400,4,16,0,200,10,10,0,500,11,9,0,550,3,17,0,150,8,12,0,400
"Gernin Hizkia Patasik","XII IPS 2",13,7,0,650,10,10,0,500,13,7,0,650,9,11,0,450,6,14,0,300,6,14,0,300,4,16,0,200
"Muh. Zakhy Rahmat","XII IPS 2",8,12,0,400,3,17,0,150,5,15,0,250,5,15,0,250,18,2,0,900,7,13,0,350,9,11,0,450
"Aufar Arrahman Fahrezal","XII IPS 1",4,16,0,200,8,12,0,400,10,10,0,500,1,19,0,50,14,6,0,700,3,17,0,150,0,20,0,0
"Muhammad Yusuf Nur Choliq","XII IPS 2",10,10,0,500,9,11,0,450,13,7,0,650,11,9,0,550,6,14,0,300,5,15,0,250,5,15,0,250
"Alfari Dudejan","XII IPS 3",10,10,0,500,2,18,0,100,7,13,0,350,9,11,0,450,5,15,0,250,4,16,0,200,5,15,0,250
"Faisa Ifana","XII IPS 1",3,17,0,150,0,20,0,0,1,19,0,50,4,16,0,200,14,6,0,700,6,14,0,300,7,13,0,350
"Aisya Faridasari","XII IPS 1",6,14,0,300,1,19,0,50,11,9,0,550,2,18,0,100,17,3,0,850,11,9,0,550,3,17,0,150
"Naufal Dzacky","XII IPS 1",0,20,0,0,7,13,0,350,11,9,0,550,4,16,0,200,3,17,0,150,6,14,0,300,5,15,0,250
"Fadyah Putri Indyra","XII IPS 1",9,11,0,450,7,13,0,350,9,11,0,450,5,15,0,250,15,5,0,750,4,16,0,200,5,15,0,250
"Muh. Dhilan Pratama","XII IPS 3",5,15,0,250,8,12,0,400,11,9,0,550,5,15,0,250,5,15,0,250,5,15,0,250,6,14,0,300
"Alika Zahra Zayla","XII IPS 1",3,17,0,150,10,10,0,500,8,12,0,400,11,9,0,550,11,9,0,550,4,16,0,200,3,17,0,150
"Fikran Pai'Pinan P. K.","XII IPS 2",6,14,0,300,9,11,0,450,14,6,0,700,7,13,0,350,18,2,0,900,11,9,0,550,9,11,0,450
"Rifki Maulana","XII IPS 1",9,11,0,450,8,12,0,400,12,8,0,600,8,12,0,400,13,7,0,650,6,14,0,300,7,13,0,350
"Fairuz Zaki","XII IPS 3",5,15,0,250,11,9,0,550,9,11,0,450,6,14,0,300,4,16,0,200,6,14,0,300,5,15,0,250
"Weny Violeta","XII IPS 3",4,16,0,200,3,17,0,150,7,13,0,350,4,16,0,200,16,4,0,800,6,14,0,300,9,11,0,450
"Afdhalya Samad","XII IPS 2",2,18,0,100,1,19,0,50,8,12,0,400,7,13,0,350,13,7,0,650,7,13,0,350,5,15,0,250
"Syarikah. S","XII IPS 2",8,12,0,400,5,15,0,250,9,11,0,450,8,12,0,400,17,3,0,850,4,16,0,200,4,16,0,200
"Patricia Selia Yahya","XII IPS 3",9,11,0,450,9,11,0,450,11,9,0,550,8,12,0,400,18,2,0,900,4,16,0,200,6,14,0,300
"Putri Adinda Azzahro","XII IPS 1",3,17,0,150,7,13,0,350,10,10,0,500,3,17,0,150,20,0,0,1000,11,9,0,550,9,11,0,450
"Edwina Leonara","XII IPS 2",5,15,0,250,3,17,0,150,8,12,0,400,9,11,0,450,14,6,0,700,7,13,0,350,4,16,0,200
"Juan Febry Kabe","XII IPS 3",9,11,0,450,6,14,0,300,3,17,0,150,4,16,0,200,18,2,0,900,10,10,0,500,7,13,0,350
"Fidelis Dwi Santo Sombolayuk","XII IPS 3",7,13,0,350,3,17,0,150,13,7,0,650,4,16,0,200,19,1,0,950,9,11,0,450,5,15,0,250
"Ananda Rafi Muslim","XII IPS 1",7,13,0,350,6,14,0,300,9,11,0,450,7,13,0,350,3,17,0,150,6,14,0,300,8,12,0,400
"Grace Amelia Payung","XII IPS 2",5,15,0,250,11,9,0,550,11,9,0,550,9,11,0,450,7,13,0,350,9,11,0,450,3,17,0,150
"Putri Arda Meizizah Ar","XII IPS 3",7,13,0,350,11,9,0,550,8,12,0,400,7,13,0,350,12,8,0,600,4,16,0,200,9,11,0,450
"Sakti Aldrin Melalo","XII IPS 3",10,10,0,500,4,16,0,200,7,13,0,350,6,14,0,300,14,6,0,700,6,14,0,300,6,14,0,300
"Muhammad Nurhidayat","XII IPS 3",8,12,0,400,11,9,0,550,9,11,0,450,6,14,0,300,6,14,0,300,3,17,0,150,3,17,0,150
"Marshanda Amelia Hendra","XII IPS 2",7,13,0,350,7,13,0,350,9,11,0,450,12,8,0,600,15,5,0,750,13,7,0,650,13,7,0,650
"Aisyia Munir","XII IPS 2",11,9,0,550,3,17,0,150,9,11,0,450,8,12,0,400,17,3,0,850,11,9,0,550,12,8,0,600
"Resya Nur Alifah Fauziyah","XII IPS 2",7,13,0,350,1,19,0,50,12,8,0,600,8,12,0,400,17,3,0,850,12,8,0,600,11,9,0,550
"Geoffrey Devano Mensua","XII IPS 3",6,14,0,300,2,18,0,100,9,11,0,450,13,7,0,650,15,5,0,750,12,8,0,600,13,7,0,650
"Fathul Ramadhan","XII IPS 1",6,14,0,300,1,19,0,50,10,10,0,500,9,11,0,450,18,2,0,900,8,12,0,400,8,12,0,400
"Nayla Zuhra Fitria","XII IPS 2",8,12,0,400,9,11,0,450,3,17,0,150,11,9,0,550,15,5,0,750,5,15,0,250,6,14,0,300
"Azizah Firdasari","XII IPS 2",6,14,0,300,10,10,0,500,10,10,0,500,5,15,0,250,18,2,0,900,11,9,0,550,6,14,0,300
"Chaerunnisa' Arsat","XII IPS 2",5,15,0,250,8,12,0,400,5,15,0,250,7,13,0,350,8,12,0,400,5,15,0,250,5,15,0,250
"Muh. Dian Pratama Putra","XII IPS 1",6,14,0,300,6,14,0,300,12,8,0,600,8,12,0,400,19,1,0,950,11,9,0,550,4,16,0,200
"Velin Viladelfia Enjelin","XII IPS 2",8,12,0,400,7,13,0,350,12,8,0,600,9,11,0,450,18,2,0,900,13,7,0,650,4,16,0,200
"Angela Gracia Shinci","XII IPS 3",5,15,0,250,1,19,0,50,6,14,0,300,3,17,0,150,19,1,0,950,12,8,0,600,6,14,0,300
"Videlia Tandilolo","XII IPS 3",4,16,0,200,9,11,0,450,7,13,0,350,5,15,0,250,6,14,0,300,14,6,0,700,6,14,0,300
"Aulia Zalfa Hamidah","XII IPS 1",10,10,0,500,11,9,0,550,5,15,0,250,15,5,0,750,11,9,0,550,4,16,0,200,13,7,0,650
"Annisa Salsabila","XII IPS 2",5,15,0,250,4,16,0,200,9,11,0,450,6,14,0,300,17,3,0,850,15,5,0,750,13,7,0,650
"Aglend Yizreel Suleman","XII IPS 2",4,16,0,200,6,14,0,300,11,9,0,550,3,17,0,150,16,4,0,800,8,12,0,400,10,10,0,500
"Azzahra Ananda Aulia","XII IPS 1",8,12,0,400,9,11,0,450,10,10,0,500,3,17,0,150,16,4,0,800,11,9,0,550,16,4,0,800
"Gita Risma Dewi","XII IPS 3",7,13,0,350,12,8,0,600,10,10,0,500,7,13,0,350,19,1,0,950,11,9,0,550,16,4,0,800
"Octavianres Putra Mangala","XII IPS 3",10,10,0,500,6,14,0,300,9,11,0,450,5,15,0,250,8,12,0,400,11,9,0,550,14,6,0,700
"Muh. Giok Ramadhan","XII IPS 1",6,14,0,300,0,20,0,0,9,11,0,450,9,11,0,450,17,3,0,850,11,9,0,550,15,5,0,750
"Ahmad Setiawan","XII IPS 1",0,20,0,0,11,9,0,550,8,12,0,400,4,16,0,200,16,4,0,800,5,15,0,250,6,14,0,300
"Frezya Natalie Tzunami Pagayang","XII IPS 3",5,15,0,250,9,11,0,450,6,14,0,300,5,15,0,250,16,4,0,800,6,14,0,300,8,12,0,400
"Muhammad Naufal Hanif","XII IPS 2",7,13,0,350,10,10,0,500,8,12,0,400,10,10,0,500,16,4,0,800,10,10,0,500,9,11,0,450
"Haskia Handayani","XII IPS 3",0,20,0,0,0,20,0,0,5,15,0,250,3,17,0,150,4,16,0,200,5,15,0,250,4,16,0,200
"Nadya Chindy Glory","XII IPS 3",0,20,0,0,0,20,0,0,7,13,0,350,12,8,0,600,16,4,0,800,13,7,0,650,13,7,0,650
"Amelia Risky Putri","XII IPS 1",4,16,0,200,9,11,0,450,8,12,0,400,3,17,0,150,7,13,0,350,5,15,0,250,5,15,0,250
"Harry Hidayat","XII IPS 1",5,15,0,250,5,15,0,250,4,16,0,200,3,17,0,150,3,17,0,150,5,15,0,250,3,17,0,150
"Muh. Furqan","XII IPS 3",6,14,0,300,5,15,0,250,8,12,0,400,1,19,0,50,6,14,0,300,1,19,0,50,3,17,0,150
"Ahmad Setiawan","XII IPS 1",0,20,0,0,11,9,0,550,8,12,0,400,4,16,0,200,16,4,0,800,5,15,0,250,6,14,0,300
"Aisya Faridasari","XII IPS 1",6,14,0,300,1,19,0,50,11,9,0,550,2,18,0,100,17,3,0,850,11,9,0,550,3,17,0,150
"Alika Zahra Zayla","XII IPS 1",3,17,0,150,10,10,0,500,8,12,0,400,11,9,0,550,11,9,0,550,4,16,0,200,3,17,0,150
"Alya Nurul Az-Zahra Albar","XII IPS 1",6,14,0,300,5,15,0,250,13,7,0,650,5,15,0,250,19,1,0,950,7,13,0,350,9,11,0,450
"Ananda Rafi Muslim","XII IPS 1",7,13,0,350,6,14,0,300,9,11,0,450,7,13,0,350,3,17,0,150,6,14,0,300,8,12,0,400
"Aufar Arrahman Fahrezal","XII IPS 1",4,16,0,200,8,12,0,400,10,10,0,500,1,19,0,50,14,6,0,700,3,17,0,150,0,20,0,0
"Aulia Zalfa Hamidah","XII IPS 1",10,10,0,500,11,9,0,550,5,15,0,250,15,5,0,750,11,9,0,550,4,16,0,200,13,7,0,650
"Azzahra Ananda Aulia","XII IPS 1",8,12,0,400,9,11,0,450,10,10,0,500,4,16,0,200,16,4,0,800,11,9,0,550,16,4,0,800
"Fadyah Putri Indyra","XII IPS 1",9,11,0,450,7,13,0,350,9,11,0,450,5,15,0,250,15,5,0,750,4,16,0,200,5,15,0,250
"Faisa Ifana","XII IPS 1",3,17,0,150,2,18,0,100,1,19,0,50,5,15,0,250,14,6,0,700,6,14,0,300,7,13,0,350
"Fathul Ramadhan","XII IPS 1",6,14,0,300,1,19,0,50,10,10,0,500,10,10,0,500,18,2,0,900,8,12,0,400,8,12,0,400
"Khaylila Zahra Khairunnisa Risthi Putri","XII IPS 1",4,16,0,200,11,9,0,550,8,12,0,400,4,16,0,200,18,2,0,900,7,13,0,350,7,13,0,350
"Muh. Dian Pratama Putra","XII IPS 1",6,14,0,300,6,14,0,300,12,8,0,600,8,12,0,400,19,1,0,950,11,9,0,550,4,16,0,200
"Muh. Fathir Algifari","XII IPS 1",5,15,0,250,6,14,0,300,0,20,0,0,5,15,0,250,12,8,0,600,6,14,0,300,5,15,0,250
"Muh. Giok Ramadhan","XII IPS 1",7,13,0,350,0,20,0,0,9,11,0,450,9,11,0,450,17,3,0,850,11,9,0,550,15,5,0,750
"Naufal Dzacky","XII IPS 1",0,20,0,0,7,13,0,350,11,9,0,550,4,16,0,200,3,17,0,150,6,14,0,300,5,15,0,250
"Putri Adinda Azzahro","XII IPS 1",3,17,0,150,7,13,0,350,10,10,0,500,3,17,0,150,20,0,0,1000,11,9,0,550,9,11,0,450
"Rifki Maulana","XII IPS 1",9,11,0,450,8,12,0,400,12,8,0,600,8,12,0,400,13,7,0,650,6,14,0,300,7,13,0,350
"Risqul Artaf Dzaky","XII IPS 1",9,11,0,450,11,9,0,550,4,16,0,200,9,11,0,450,5,15,0,250,3,17,0,150,2,18,0,100
"Siti Atiqah Yunus","XII IPS 1",6,14,0,300,12,8,0,600,12,8,0,600,5,15,0,250,18,2,0,900,3,17,0,150,6,14,0,300
"Afdhalya Samad","XII IPS 2",2,18,0,100,1,19,0,50,8,12,0,400,7,13,0,350,13,7,0,650,7,13,0,350,5,15,0,250
"Aisyia Munir","XII IPS 2",11,9,0,550,3,17,0,150,9,11,0,450,8,12,0,400,18,2,0,900,11,9,0,550,12,8,0,600
"Annisa Salsabila","XII IPS 2",5,15,0,250,4,16,0,200,9,11,0,450,6,14,0,300,17,3,0,850,15,5,0,750,13,7,0,650
"Chaerunnisa' Arsat","XII IPS 2",5,15,0,250,8,12,0,400,5,15,0,250,7,13,0,350,9,11,0,450,5,15,0,250,5,15,0,250
"Edwina Leonara","XII IPS 2",5,15,0,250,3,17,0,150,8,12,0,400,9,11,0,450,14,6,0,700,7,13,0,350,4,16,0,200
"Gernin Hizkia Patasik","XII IPS 2",13,7,0,650,10,10,0,500,13,7,0,650,9,11,0,450,6,14,0,300,6,14,0,300,5,15,0,250
"Grace Amelia Payung","XII IPS 2",5,15,0,250,11,9,0,550,11,9,0,550,9,11,0,450,7,13,0,350,9,11,0,450,3,17,0,150
"Marshanda Amelia Hendra","XII IPS 2",7,13,0,350,7,13,0,350,9,11,0,450,12,8,0,600,15,5,0,750,13,7,0,650,13,7,0,650
"Miftahul Taufiq Raid","XII IPS 2",7,13,0,350,6,14,0,300,8,12,0,400,5,15,0,250,4,16,0,200,3,17,0,150,6,14,0,300
"Muh. Zakhy Rahmat","XII IPS 2",8,12,0,400,3,17,0,150,5,15,0,250,5,15,0,250,18,2,0,900,7,13,0,350,9,11,0,450
"Muhammad Naufal Hanif","XII IPS 2",7,13,0,350,10,10,0,500,8,12,0,400,10,10,0,500,16,4,0,800,10,10,0,500,9,11,0,450
"Muhammad Yusuf Nur Choliq","XII IPS 2",10,10,0,500,9,11,0,450,13,7,0,650,11,9,0,550,6,14,0,300,5,15,0,250,5,15,0,250
"Resya Nur Alifah Fauziyah","XII IPS 2",7,13,0,350,1,19,0,50,12,8,0,600,8,12,0,400,17,3,0,850,12,8,0,600,11,9,0,550
"Syarikah. S","XII IPS 2",8,12,0,400,5,15,0,250,9,11,0,450,8,12,0,400,17,3,0,850,4,16,0,200,4,16,0,200
"Velin Viladelfia Enjelin","XII IPS 2",8,12,0,400,7,13,0,350,12,8,0,600,9,11,0,450,18,2,0,900,13,7,0,650,4,16,0,200
"Alfa Grace","XII IPS 3",3,17,0,150,2,18,0,100,9,11,0,450,5,15,0,250,7,13,0,350,7,13,0,350,3,17,0,150
"Alfari Dudejan","XII IPS 3",10,10,0,500,2,18,0,100,7,13,0,350,9,11,0,450,6,14,0,300,4,16,0,200,5,15,0,250
"Angela Gracia Shinci","XII IPS 3",5,15,0,250,1,19,0,50,6,14,0,300,3,17,0,150,19,1,0,950,12,8,0,600,6,14,0,300
"Duta Arjuna","XII IPS 3",6,14,0,300,2,18,0,100,4,16,0,200,7,13,0,350,11,9,0,550,6,14,0,300,3,17,0,150
"Fairuz Zaki","XII IPS 3",5,15,0,250,11,9,0,550,9,11,0,450,7,13,0,350,4,16,0,200,6,14,0,300,5,15,0,250
"Fidelis Dwi Santo Sombolayuk","XII IPS 3",7,13,0,350,3,17,0,150,13,7,0,650,4,16,0,200,19,1,0,950,9,11,0,450,7,13,0,350
"Geoffrey Devano Mensua","XII IPS 3",6,14,0,300,2,18,0,100,9,11,0,450,13,7,0,650,15,5,0,750,12,8,0,600,13,7,0,650
"Gita Risma Dewi","XII IPS 3",7,13,0,350,12,8,0,600,10,10,0,500,7,13,0,350,19,1,0,950,11,9,0,550,16,4,0,800
"Haskia Handayani","XII IPS 3",3,17,0,150,1,19,0,50,5,15,0,250,3,17,0,150,4,16,0,200,5,15,0,250,4,16,0,200
"Juan Febry Kabe","XII IPS 3",9,11,0,450,6,14,0,300,3,17,0,150,4,16,0,200,18,2,0,900,10,10,0,500,7,13,0,350
"Muh. Dhilan Pratama","XII IPS 3",5,15,0,250,8,12,0,400,11,9,0,550,5,15,0,250,6,14,0,300,5,15,0,250,6,14,0,300
"Muhammad Fauzan Az'Zima","XII IPS 3",4,16,0,200,7,13,0,350,5,15,0,250,10,10,0,500,10,10,0,500,1,19,0,50,7,13,0,350
"Muhammad Nurhidayat","XII IPS 3",9,11,0,450,11,9,0,550,9,11,0,450,6,14,0,300,6,14,0,300,3,17,0,150,3,17,0,150
"Muhammad Zulfikhar","XII IPS 3",4,16,0,200,1,19,0,50,3,17,0,150,3,17,0,150,9,11,0,450,5,15,0,250,2,18,0,100
"Nadya Chindy Glory","XII IPS 3",4,16,0,200,3,17,0,150,7,13,0,350,12,8,0,600,16,4,0,800,13,7,0,650,13,7,0,650
"Patricia Selia Yahya","XII IPS 3",9,11,0,450,9,11,0,450,11,9,0,550,8,12,0,400,18,2,0,900,4,16,0,200,6,14,0,300
"Rifky Alfitrah","XII IPS 3",5,15,0,250,6,14,0,300,2,18,0,100,3,17,0,150,4,16,0,200,5,15,0,250,2,18,0,100
"Sakti Aldrin Melalo","XII IPS 3",10,10,0,500,4,16,0,200,7,13,0,350,6,14,0,300,14,6,0,700,6,14,0,300,6,14,0,300
"Stevalent Biring M","XII IPS 3",3,17,0,150,7,13,0,350,10,10,0,500,8,12,0,400,7,13,0,350,6,14,0,300,5,15,0,250
"Videlia Tandilolo","XII IPS 3",4,16,0,200,9,11,0,450,7,13,0,350,5,15,0,250,6,14,0,300,14,6,0,700,6,14,0,300
"Weny Violeta","XII IPS 3",4,16,0,200,3,17,0,150,7,13,0,350,4,16,0,200,16,4,0,800,6,14,0,300,9,11,0,450
